channel_id,channel_number,channel_name,program_title,start_time,end_time,scraped_at
50,050,Sky Sports Select,Hundred M: Brave v Phoenix,1:00AM,4:35AM,2026-07-31T07:20:11
50,050,Sky Sports Select,Inside Sailing Ep.7,4:35AM,5:00AM,2026-07-31T07:20:11
50,050,Sky Sports Select,AFL: Collingwood v Geelong Hls,5:00AM,5:15AM,2026-07-31T07:20:11
50,050,Sky Sports Select,GSL: Qalandars v Unicorns Ext Hls,5:15AM,5:45AM,2026-07-31T07:20:11
50,050,Sky Sports Select,AFL: Collingwood v Geelong,5:45AM,8:15AM,2026-07-31T07:20:11
50,050,Sky Sports Select,HotelPlanner Tour Event Hls,8:15AM,8:45AM,2026-07-31T07:20:11
50,050,Sky Sports Select,GSL: Warriors v Scorchers Ext Hls,8:45AM,9:15AM,2026-07-31T07:20:11
50,050,Sky Sports Select,PFL New York: Weigh-In,9:15AM,10:15AM,2026-07-31T07:20:11
50,050,Sky Sports Select,NPC: Waikato v Bay of Plenty Hls,10:15AM,10:30AM,2026-07-31T07:20:11
50,050,Sky Sports Select,AIG Women's Open: R1,10:30AM,12:30PM,2026-07-31T07:20:11
51,051,Sky Sports 1,PGA Tour: The Cut,2:05AM,2:30AM,2026-07-31T07:20:11
51,051,Sky Sports 1,HotelPlanner Tour Event Hls,2:30AM,3:00AM,2026-07-31T07:20:11
51,051,Sky Sports 1,PGA Tour: Round 1,3:00AM,6:10AM,2026-07-31T07:20:11
51,051,Sky Sports 1,Korn Ferry Tour: Round 1,6:10AM,9:00AM,2026-07-31T07:20:11
51,051,Sky Sports 1,AIG Women's Open: R1 Hls,9:00AM,9:30AM,2026-07-31T07:20:11
51,051,Sky Sports 1,HotelPlanner Tour Event Hls,9:30AM,10:00AM,2026-07-31T07:20:11
51,051,Sky Sports 1,PGA Tour: Round 1 Hls,10:00AM,10:30AM,2026-07-31T07:20:11
51,051,Sky Sports 1,Sal's NBL: Saints v Nuggets EF2,10:30AM,12:25PM,2026-07-31T07:20:11
52,052,Sky Sports 2,NPC: Waikato v Bay of Plenty,2:00AM,4:00AM,2026-07-31T07:20:11
52,052,Sky Sports 2,Sal's NBL: Saints v Nuggets EF2,4:00AM,6:00AM,2026-07-31T07:20:11
52,052,Sky Sports 2,NPC: Waikato v Bay of Plenty Hls,6:00AM,6:15AM,2026-07-31T07:20:11
52,052,Sky Sports 2,Inside Sailing Ep.7,6:15AM,6:45AM,2026-07-31T07:20:11
52,052,Sky Sports 2,1st XV: Kerikeri v Bay of Islands,6:45AM,8:30AM,2026-07-31T07:20:11
52,052,Sky Sports 2,NRL: Cowboys v Roosters Hls,8:30AM,8:45AM,2026-07-31T07:20:11
52,052,Sky Sports 2,AFL: Collingwood v Geelong Hls,8:45AM,9:00AM,2026-07-31T07:20:11
52,052,Sky Sports 2,NPC: Waikato v Bay of Plenty Hls,9:00AM,9:15AM,2026-07-31T07:20:11
52,052,Sky Sports 2,NRL: Cowboys v Roosters,9:15AM,11:15AM,2026-07-31T07:20:11
52,052,Sky Sports 2,Rugby League: The Late Show With Matty Johns,11:15AM,12:15PM,2026-07-31T07:20:11
52,052,Sky Sports 2,PFL Washington Hls,12:15PM,1:15PM,2026-07-31T07:20:11
53,053,Sky Sports 3,Glasgow 2026 - Netball: JAM v WAL,1:50AM,3:45AM,2026-07-31T07:20:11
53,053,Sky Sports 3,NPC: Waikato v Bay of Plenty Hls,3:45AM,4:00AM,2026-07-31T07:20:11
53,053,Sky Sports 3,Rugby League: The Late Show With Matty Johns,4:00AM,5:00AM,2026-07-31T07:20:11
53,053,Sky Sports 3,NRL: The Fan,5:00AM,5:30AM,2026-07-31T07:20:11
53,053,Sky Sports 3,HotelPlanner Tour Event Hls,5:30AM,6:00AM,2026-07-31T07:20:11
53,053,Sky Sports 3,NRL: Cowboys v Roosters Hls,6:00AM,6:15AM,2026-07-31T07:20:11
53,053,Sky Sports 3,AFL: Collingwood v Geelong Hls,6:15AM,6:30AM,2026-07-31T07:20:11
53,053,Sky Sports 3,NRLW: Bulldogs v Dragons Hls R4,6:30AM,6:45AM,2026-07-31T07:20:11
53,053,Sky Sports 3,NRLW: Cowboys v Titans Hls R4,6:45AM,7:00AM,2026-07-31T07:20:11
53,053,Sky Sports 3,NRLW: Eels v Warriors Hls R4,7:00AM,7:15AM,2026-07-31T07:20:11
53,053,Sky Sports 3,Inside Line,7:15AM,8:20AM,2026-07-31T07:20:11
53,053,Sky Sports 3,NPC: Waikato v Bay of Plenty,8:20AM,10:20AM,2026-07-31T07:20:11
53,053,Sky Sports 3,NRL: Cowboys v Roosters Hls,10:20AM,10:35AM,2026-07-31T07:20:11
53,053,Sky Sports 3,AFL: Collingwood v Geelong Hls,10:35AM,10:50AM,2026-07-31T07:20:11
53,053,Sky Sports 3,NZ Rally Championship Rd3: Southland Hls,10:50AM,11:45AM,2026-07-31T07:20:11
53,053,Sky Sports 3,GSL: Warriors v Scorchers Ext Hls,11:45AM,12:15PM,2026-07-31T07:20:11
53,053,Sky Sports 3,Supercars: Super 440: Super2 P2,12:15PM,1:10PM,2026-07-31T07:20:11
54,054,skysport gold,Glasgow Commonwealth Games,1:30AM,3:30AM,2026-07-31T07:20:11
54,054,skysport gold,Glasgow Commonwealth Games,3:30AM,6:00AM,2026-07-31T07:20:11
54,054,skysport gold,Athletics D7 S1 (NZ) Hls,6:00AM,6:30AM,2026-07-31T07:20:11
54,054,skysport gold,Glasgow - Weightlifting D7 110kg M Hls,6:30AM,6:45AM,2026-07-31T07:20:11
54,054,skysport gold,Glasgow - Weightlifting D7 86kg W Hls,6:45AM,7:00AM,2026-07-31T07:20:11
54,054,skysport gold,Glasgow - Weightlifting D7 +110kg M Hls,7:00AM,7:15AM,2026-07-31T07:20:11
54,054,skysport gold,Track Cycling: D7 (NZ) Hls,7:15AM,8:15AM,2026-07-31T07:20:11
54,054,skysport gold,Glasgow 2026 - Netball: NZL v TTO,8:15AM,9:50AM,2026-07-31T07:20:11
54,054,skysport gold,Athletics D7 S1 (NZ) Hls,9:50AM,10:20AM,2026-07-31T07:20:11
54,054,skysport gold,Athletics D7 S2 (NZ) (F) Hls,10:20AM,11:20AM,2026-07-31T07:20:11
54,054,skysport gold,Lawn Bowls D7 (NZ) Hls,11:20AM,12:20PM,2026-07-31T07:20:11
54,054,skysport gold,Glasgow 2026 - Netball: NZL v TTO Hls,12:20PM,12:35PM,2026-07-31T07:20:11
55,055,Sky Sports 5,Athletics D7 S2 (NZ) (F),1:20AM,5:10AM,2026-07-31T07:20:11
55,055,Sky Sports 5,Glasgow 2026 - Netball: NZL v TTO,5:10AM,6:45AM,2026-07-31T07:20:11
55,055,Sky Sports 5,Glasgow 2026 - Netball: AUS v NIR,6:45AM,8:25AM,2026-07-31T07:20:11
55,055,Sky Sports 5,Glasgow - Weightlifting D7 86kg W Hls,8:25AM,8:40AM,2026-07-31T07:20:11
55,055,Sky Sports 5,Track Cycling: D7 (NZ) Hls,8:40AM,9:45AM,2026-07-31T07:20:11
55,055,Sky Sports 5,Glasgow - Weightlifting D7 86kg W Hls,9:45AM,10:00AM,2026-07-31T07:20:11
55,055,Sky Sports 5,Glasgow - Weightlifting D7 +110kg M Hls,10:00AM,10:15AM,2026-07-31T07:20:11
55,055,Sky Sports 5,Track Cycling: D7 S2,10:15AM,2:25PM,2026-07-31T07:20:11
56,056,Sky Sports 6,Track Cycling: D7 S2,10:50PM,2:50AM,2026-07-31T07:20:11
56,056,Sky Sports 6,Glasgow 2026 - Netball: JAM v WAL,2:50AM,3:50AM,2026-07-31T07:20:11
56,056,Sky Sports 6,Glasgow 2026 - Netball: ENG v RSA,3:50AM,5:30AM,2026-07-31T07:20:11
56,056,Sky Sports 6,Athletics: Men's Shot Put F,5:30AM,6:50AM,2026-07-31T07:20:11
56,056,Sky Sports 6,Swimming: D6 S1 (NZ) Hls,6:50AM,7:15AM,2026-07-31T07:20:11
56,056,Sky Sports 6,Glasgow - Weightlifting D7 110kg M Hls,7:15AM,7:35AM,2026-07-31T07:20:11
56,056,Sky Sports 6,Athletics D7 S1 (NZ),7:35AM,11:10AM,2026-07-31T07:20:11
56,056,Sky Sports 6,Athletics D7 S2 (NZ) (F),11:10AM,2:20PM,2026-07-31T07:20:11
57,057,Sky Sports 7,Glasgow - Weightlifting D7 S3 (NZ),1:35AM,4:00AM,2026-07-31T07:20:11
57,057,Sky Sports 7,Glasgow - Weightlifting D7 S1,4:00AM,6:25AM,2026-07-31T07:20:11
57,057,Sky Sports 7,Glasgow - Weightlifting D7 S2 (NZ),6:25AM,8:50AM,2026-07-31T07:20:11
57,057,Sky Sports 7,Athletics: Men's Shot Put F,8:50AM,10:05AM,2026-07-31T07:20:11
57,057,Sky Sports 7,Lawn Bowls D7 (NZ) Hls,10:05AM,11:05AM,2026-07-31T07:20:11
57,057,Sky Sports 7,Glasgow 2026 - Netball: NZL v TTO Hls,11:05AM,11:20AM,2026-07-31T07:20:11
57,057,Sky Sports 7,Glasgow 2026 - Netball: AUS v NIR Hls,11:20AM,11:35AM,2026-07-31T07:20:11
57,057,Sky Sports 7,Glasgow - Weightlifting D7 110kg M Hls,11:35AM,11:50AM,2026-07-31T07:20:11
57,057,Sky Sports 7,Glasgow - Weightlifting D7 +110kg M Hls,11:50AM,12:05PM,2026-07-31T07:20:11
57,057,Sky Sports 7,Glasgow 2026 - Netball: ENG v RSA,12:05PM,1:50PM,2026-07-31T07:20:11
58,058,Sky Sports 8,Athletics: Men's Shot Put F,1:50AM,3:10AM,2026-07-31T07:20:11
58,058,Sky Sports 8,Glasgow 2026 - Netball: NZL v TTO,3:10AM,4:55AM,2026-07-31T07:20:11
58,058,Sky Sports 8,3x3 Basketball: D6 (NZ) Hls,4:55AM,6:00AM,2026-07-31T07:20:11
58,058,Sky Sports 8,Track Cycling: D7 S2,6:00AM,10:00AM,2026-07-31T07:20:11
58,058,Sky Sports 8,Glasgow 2026 - Netball: MAW v TGA,10:00AM,11:45AM,2026-07-31T07:20:11
58,058,Sky Sports 8,Glasgow 2026 - Netball: JAM v WAL,11:45AM,1:30PM,2026-07-31T07:20:11
59,059,Sky Sports 9,Lawn Bowls D7 S2 (NZ),9:50PM,5:05AM,2026-07-31T07:20:11
59,059,Sky Sports 9,Swimming: D6 S1 (NZ) Hls,5:05AM,5:30AM,2026-07-31T07:20:11
59,059,Sky Sports 9,Swimming: D6 S2 (NZ) (F) Hls,5:30AM,6:30AM,2026-07-31T07:20:11
59,059,Sky Sports 9,Boxing Day: D6 (NZ) Hls,6:30AM,7:30AM,2026-07-31T07:20:11
59,059,Sky Sports 9,Lawn Bowls D7 S1 (NZ),7:30AM,11:25AM,2026-07-31T07:20:11
59,059,Sky Sports 9,Lawn Bowls D7 S2 (NZ),11:25AM,3:20PM,2026-07-31T07:20:11
60,060,ESPN,SportsCenter,2:00AM,3:00AM,2026-07-31T07:20:11
60,060,ESPN,NBA Today,3:00AM,4:00AM,2026-07-31T07:20:11
60,060,ESPN,NFL Live,4:00AM,5:00AM,2026-07-31T07:20:11
60,060,ESPN,Sandy Brondello: A Basketball Life,5:00AM,5:30AM,2026-07-31T07:20:11
60,060,ESPN,Pardon the Interruption,5:30AM,6:00AM,2026-07-31T07:20:11
60,060,ESPN,SC: NFL Blitz,6:00AM,6:30AM,2026-07-31T07:20:11
60,060,ESPN,SportsCenter Australia,6:30AM,7:00AM,2026-07-31T07:20:11
60,060,ESPN,MLB: Atlanta Braves v Washington Nationals,7:00AM,10:00AM,2026-07-31T07:20:11
60,060,ESPN,SportsCenter,10:00AM,11:00AM,2026-07-31T07:20:11
60,060,ESPN,SportsCenter,11:00AM,12:00PM,2026-07-31T07:20:11
60,060,ESPN,SC: NFL Blitz,12:00PM,12:30PM,2026-07-31T07:20:11
61,061,ESPN2,First Take,2:00AM,4:00AM,2026-07-31T07:20:11
61,061,ESPN2,The Pat McAfee Show,4:00AM,6:00AM,2026-07-31T07:20:11
61,061,ESPN2,ESPN FC Shorts,6:00AM,6:20AM,2026-07-31T07:20:11
61,061,ESPN2,Brazilian League: Athletico Paranaense v Corinthians,6:20AM,8:30AM,2026-07-31T07:20:11
61,061,ESPN2,SC: NFL Blitz,8:30AM,9:00AM,2026-07-31T07:20:11
61,061,ESPN2,30 For 30,9:00AM,11:00AM,2026-07-31T07:20:11
61,061,ESPN2,ACL World Championship,11:00AM,12:00PM,2026-07-31T07:20:11
61,061,ESPN2,30 For 30,12:00PM,2:00PM,2026-07-31T07:20:11
605,605,Sky-Sport-Pop-up-1-Stack-RGB 1920x1080,Coming Up: Lawn Bowls,2:00AM,2:00PM,2026-07-31T07:20:11
606,606,Sky-Sport-Pop-up-2-Stack-RGB 1920x1080,Thanks For Watching,2:00AM,2:00PM,2026-07-31T07:20:11
607,607,Sky-Sport-Pop-up-3-Stack-RGB 1920x1080,Thanks For Watching,2:00AM,2:00PM,2026-07-31T07:20:11
608,608,Sky-Sport-Pop-up-4-Stack-RGB 1920x1080,Thanks For Watching,2:00AM,2:00PM,2026-07-31T07:20:11
609,609,Sky-Sport-Pop-up-5-Stack-RGB 1920x1080,Thanks For Watching,2:00AM,2:00PM,2026-07-31T07:20:11
62,062,062 1920x1080,Winter Weigh In,2:00AM,2:30AM,2026-07-31T07:20:11
62,062,062 1920x1080,Australian Trials,2:30AM,3:00AM,2026-07-31T07:20:11
62,062,062 1920x1080,Formline Extra,3:00AM,3:30AM,2026-07-31T07:20:11
62,062,062 1920x1080,The Form,3:30AM,4:30AM,2026-07-31T07:20:11
62,062,062 1920x1080,Thoroughbred Trials,4:30AM,5:00AM,2026-07-31T07:20:11
62,062,062 1920x1080,Harness Trials,5:00AM,5:45AM,2026-07-31T07:20:11
62,062,062 1920x1080,Racing Replay Cambridge,5:45AM,6:15AM,2026-07-31T07:20:11
62,062,062 1920x1080,Formline Extra,6:15AM,6:45AM,2026-07-31T07:20:11
62,062,062 1920x1080,The Form,6:45AM,7:50AM,2026-07-31T07:20:11
62,062,062 1920x1080,Trackside 1 LIVE - NZ,7:50AM,9:00AM,2026-07-31T07:20:11
62,062,062 1920x1080,Trackside 1 LIVE - NZ/AUS,9:00AM,10:00AM,2026-07-31T07:20:11
62,062,062 1920x1080,Trackside 1 LIVE - NZ/AUS,10:00AM,11:00AM,2026-07-31T07:20:11
62,062,062 1920x1080,Trackside 1 LIVE - NZ/AUS,11:00AM,12:00PM,2026-07-31T07:20:11
62,062,062 1920x1080,Trackside 1 LIVE - NZ/AUS,12:00PM,12:30PM,2026-07-31T07:20:11
63,063,063 1920x1080,The Form cont.,2:00AM,2:55AM,2026-07-31T07:20:11
63,063,063 1920x1080,Trackside 2 LIVE - USA,2:55AM,5:00AM,2026-07-31T07:20:11
63,063,063 1920x1080,Trackside 2 LIVE - USA,5:00AM,7:00AM,2026-07-31T07:20:11
63,063,063 1920x1080,Trackside 2 LIVE - USA,7:00AM,9:00AM,2026-07-31T07:20:11
63,063,063 1920x1080,Trackside 2 LIVE - AUS,9:00AM,11:00AM,2026-07-31T07:20:11
63,063,063 1920x1080,Trackside 2 LIVE - AUS,11:00AM,1:00PM,2026-07-31T07:20:11
65,065,SKY ARENA,August 16th: UFC 330,2:00AM,2:00PM,2026-07-31T07:20:11
